1,case,method,group,Loss,Accurancy,AUC,Std Test Accurancy,Std Test AUC
2,Cifar100,APPLE,0,4.615562544410243,0.00826226012793177,0.49925935941762684,0.006105447987905244,0.047671385134914035
3,Cifar100,APPLE,1,4.286803107629826,0.11986940298507463,0.7448550316688123,0.052053367140602,0.03825793048231281
4,Cifar100,APPLE,2,3.958877204067235,0.16477878464818763,0.8020870270882703,0.04695911607039013,0.033543638237567903
5,Cifar100,APPLE,3,3.668114545113717,0.20375799573560768,0.8358111113159882,0.049213510104995035,0.026449696336329234
6,Cifar100,APPLE,4,3.468187801864643,0.2314765458422175,0.8575727112935969,0.052278946867661366,0.0223221337943228
7,Cifar100,APPLE,5,3.3312207324514183,0.2534648187633262,0.8711493133179125,0.050755809223590506,0.020091801866497967
8,Cifar100,APPLE,6,3.232896618519871,0.26792377398720685,0.880062124442939,0.050077636572050825,0.018646971442768192
9,Cifar100,APPLE,7,3.157800425500807,0.2785181236673774,0.8863237534777894,0.047800441570229224,0.01758984386216863
10,Cifar100,APPLE,8,3.097475809116547,0.2881130063965885,0.8910342950616806,0.0470035365839326,0.016784327343022463
11,Cifar100,APPLE,9,3.04701182240376,0.29464285714285715,0.894790661606148,0.046369914316484746,0.01614433105538018
12,Cifar100,APPLE,10,3.0037861566137662,0.30123933901918976,0.8978158786855966,0.04608712465015391,0.015632607132989675
13,Cifar100,APPLE,11,2.9657193589196726,0.3069696162046908,0.9003598217251727,0.04668881350061051,0.015213129411036008
14,Cifar100,APPLE,12,2.9318501708839864,0.3130330490405117,0.9025342577460418,0.04747852883759562,0.014828621137120844
15,Cifar100,APPLE,13,2.901135475609867,0.3180303837953092,0.9044304473461136,0.04574122168311071,0.014497666733851788
16,Cifar100,APPLE,14,2.8731462103184633,0.32062899786780386,0.906102012296619,0.046831975241274935,0.014203457435644658
17,Cifar100,APPLE,15,2.8474363124422535,0.3246268656716418,0.9075990758384196,0.0474845101144308,0.013946535060324101
18,Cifar100,APPLE,16,2.8237543355403814,0.3271588486140725,0.9089254861318414,0.047393155821843634,0.013714310178080506
19,Cifar100,APPLE,17,2.8018124711018317,0.3289578891257996,0.9101364555202341,0.047119629112265034,0.013504630058651088
20,Cifar100,APPLE,18,2.781163980354938,0.3314898720682303,0.9112652412199609,0.046156023859103126,0.013324516720553722
21,Cifar100,APPLE,19,2.7618543574541112,0.3345549040511727,0.9122760739830126,0.04471399966619353,0.013168298552129212
22,Cifar100,APPLE,20,2.7434570102507885,0.3366871002132196,0.9132278416795235,0.04373823951219715,0.0130209062405836
23,Cifar100,APPLE,21,2.725615375871931,0.33955223880597013,0.9141375867486531,0.04382193836472362,0.012879490599991415
24,Cifar100,APPLE,22,2.708568984485886,0.3424173773987207,0.9149855538527019,0.04424763301846057,0.012746035807633602
25,Cifar100,APPLE,23,2.6922132561539676,0.34541577825159914,0.9157903719700454,0.044675904109550864,0.012629610882173485
26,Cifar100,APPLE,24,2.6764459314599853,0.34674840085287845,0.9165361363682261,0.04445750931227917,0.012522927823846078
27,Cifar100,APPLE,25,2.6613434902081665,0.34834754797441364,0.9172396881246246,0.04565094547710607,0.01241846029525806
28,Cifar100,APPLE,26,2.646659021778604,0.3500133262260128,0.9179186885829772,0.04513268267934647,0.012327523025251865
29,Cifar100,APPLE,27,2.6325628474166525,0.35181236673773986,0.9185550254663534,0.04543860368176119,0.012246691864791057
30,Cifar100,APPLE,28,2.6190430419570907,0.35361140724946694,0.9191444982762471,0.043563057156353245,0.012166613412904743
31,Cifar100,APPLE,29,2.6059773994950697,0.355477078891258,0.9197157536367302,0.04451773415324694,0.012094487172989131
32,Cifar100,APPLE,30,2.5932197850002043,0.3567430703624733,0.9202603762078547,0.04436247901002755,0.01201882901573589
33,Cifar100,APPLE,31,2.580872501495989,0.3575426439232409,0.9207597362296194,0.04394494194713741,0.01194684417179875
34,Cifar100,APPLE,32,2.5689480013613855,0.35887526652452023,0.9212398459546229,0.04471121327772488,0.01188092428018586
35,Cifar100,APPLE,33,2.5571958160306547,0.35967484008528783,0.9217219735080882,0.0452099443100715,0.011815727910823005
36,Cifar100,APPLE,34,2.545758849834658,0.3607409381663113,0.9221753213959621,0.044506746489802164,0.011754399391285038
37,Cifar100,APPLE,35,2.5344758519544612,0.3617404051172708,0.922618382188281,0.04423259789011398,0.011707631107337406
38,Cifar100,APPLE,36,2.5234279912047977,0.36300639658848616,0.923047241033532,0.04409247161833419,0.011641411333413646
39,Cifar100,APPLE,37,2.5128559704682427,0.3649386993603412,0.9234477098555619,0.043554371613149796,0.011583424075990471
40,Cifar100,APPLE,38,2.5024890641452706,0.3665378464818763,0.9238243854246279,0.04392153824483699,0.011526903421624058
41,Cifar100,APPLE,39,2.4924720149050508,0.36727078891257997,0.9241846524725114,0.04414957822822527,0.011471967085675184
42,Cifar100,APPLE,40,2.482536612980212,0.36847014925373134,0.9245371422529786,0.04291979439481331,0.011425453209014952
43,Cifar100,APPLE,41,2.472669976783475,0.3701359275053305,0.9248888288795399,0.043309713399172875,0.01138870753647742
44,Cifar100,APPLE,42,2.462851537316322,0.371068763326226,0.9252412776763728,0.043087053759984645,0.01134886799021855
45,Cifar100,APPLE,43,2.4533000650741603,0.3722681236673774,0.925571733021248,0.042950908905913604,0.011316003820614642
46,Cifar100,APPLE,44,2.4439461363383064,0.37300106609808104,0.9258843580151324,0.04218717551687691,0.011286260547730872
47,Cifar100,APPLE,45,2.4346526848472716,0.3734674840085288,0.926194346949691,0.042073008459977086,0.011259134346474088
48,Cifar100,APPLE,46,2.4255693882605693,0.37506663113006394,0.9264893645626189,0.04154651998115882,0.011234782638072418
49,Cifar100,APPLE,47,2.416669309127322,0.37619936034115137,0.926773595342425,0.041027396552743775,0.011210101573596047
50,Cifar100,APPLE,48,2.4079699263333203,0.3773987206823028,0.9270414391662706,0.04088100333491146,0.011183405260918846
51,Cifar100,APPLE,49,2.3994726856914976,0.3781982942430704,0.9272961756184512,0.041550578766633726,0.011154277440969699
52,Cifar100,APPLE,50,2.391052295205151,0.37939765458422176,0.9275463904849239,0.04085995416874969,0.011130639813588578
53,Cifar100,APPLE,51,2.382879919840563,0.37993070362473347,0.9277898651147285,0.04058557214110778,0.011096467006145845
54,Cifar100,APPLE,52,2.3747840783270657,0.3810634328358209,0.9280206818348709,0.04036960553597066,0.011071931943018766
55,Cifar100,APPLE,53,2.3668623691303114,0.380796908315565,0.928246126663518,0.04035994675014139,0.01104102814954983
56,Cifar100,APPLE,54,2.3590374792866533,0.3815964818763326,0.9284580748161578,0.04044701712975679,0.011017372875609081
57,Cifar100,APPLE,55,2.3513473256967803,0.3823960554371002,0.9286631618899606,0.03984347756887448,0.010983292136074598
58,Cifar100,APPLE,56,2.343737667292261,0.3831956289978678,0.9288691295720531,0.03916860697580934,0.010961642925596133
59,Cifar100,APPLE,57,2.3361602444178513,0.3835287846481876,0.9290635824947914,0.0392756797459667,0.010933013583556436
60,Cifar100,APPLE,58,2.3287122001690204,0.3834621535181237,0.9292536331376798,0.03977872948065378,0.010910260960710207
61,Cifar100,APPLE,59,2.3213715070493754,0.38466151385927505,0.929434756427946,0.03995638336872062,0.01088819354223022
62,Cifar100,APPLE,60,2.3141081626710096,0.3851279317697228,0.9296074031507119,0.04022909745133819,0.010865440074071041
63,Cifar100,APPLE,61,2.306921980124556,0.3859275053304904,0.9297840693424972,0.04004218549965537,0.010845256489129092
64,Cifar100,APPLE,62,2.299808883906641,0.3863939232409382,0.9299545934032489,0.03986626454778651,0.01082911290818681
65,Cifar100,APPLE,63,2.2928597128492267,0.38706023454157784,0.9301056590511008,0.039864611633278146,0.010808838441172008
66,Cifar100,APPLE,64,2.285907595669077,0.3875266524520256,0.9302619649239613,0.04003877799983064,0.010793318310136328
67,Cifar100,APPLE,65,2.279005853608688,0.3879264392324094,0.9304146609665992,0.03998967968211292,0.010778114897219887
68,Cifar100,APPLE,66,2.2723268504302405,0.3879264392324094,0.9305522972648743,0.03977294788940761,0.010760886374157091
69,Cifar100,APPLE,67,2.265624606157087,0.3890591684434968,0.9306960988850814,0.040013789827098946,0.010752591451713782
70,Cifar100,APPLE,68,2.2589716327265155,0.38972547974413646,0.9308279398478098,0.040430540002518674,0.010737017796562446
71,Cifar100,APPLE,69,2.252473178391375,0.39032515991471217,0.9309579703920166,0.04008530876788017,0.010723163881105852
72,Cifar100,APPLE,70,2.2461041001514532,0.3897921108742004,0.9310791757665504,0.04014667178525613,0.010712981583350814
73,Cifar100,APPLE,71,2.239806548588732,0.3900586353944563,0.9311918400504035,0.04105876295913681,0.010695000816816357
74,Cifar100,APPLE,72,2.2335519362284106,0.39072494669509594,0.9313055038570537,0.04072918634627259,0.010683586905422336
75,Cifar100,APPLE,73,2.2273540503917544,0.3913912579957356,0.9314176097865144,0.04053470260724717,0.010665692790329829
76,Cifar100,APPLE,74,2.221007966228178,0.3921908315565032,0.9315353612739213,0.040112814109183305,0.010649964268450378
77,Cifar100,APPLE,75,2.214915739000904,0.39305703624733473,0.9316384293091812,0.04002591067228422,0.010636570559356953
78,Cifar100,APPLE,76,2.208942037897562,0.39365671641791045,0.9317341394928784,0.04024707635666241,0.01061963736177626
79,Cifar100,APPLE,77,2.2029358493341467,0.3937899786780384,0.9318251068841849,0.04010785397732036,0.010601113095713257
80,Cifar100,APPLE,78,2.1970316990719554,0.39418976545842216,0.9319202349026464,0.03999941148823092,0.010589964641893218
81,Cifar100,APPLE,79,2.191178742851853,0.39392324093816633,0.9320095946385153,0.04019697706946268,0.010577289566726478
82,Cifar100,APPLE,80,2.1853048849974828,0.3943896588486141,0.9321009701151897,0.04069245786500083,0.010554960400234275
83,Cifar100,APPLE,81,2.179599562847748,0.39445628997867804,0.9321774600055914,0.040891965367158625,0.010538084687727345
84,Cifar100,APPLE,82,2.173794768661197,0.39445628997867804,0.9322598358223926,0.040898630135057006,0.010519571302755371
85,Cifar100,APPLE,83,2.168117559548243,0.3948560767590618,0.9323301200187007,0.04096329376504971,0.010502643431112263
86,Cifar100,APPLE,84,2.1625628903954874,0.3956556503198294,0.9323955344674353,0.04131725800720725,0.010481056727932689
87,Cifar100,APPLE,85,2.157093723896898,0.39598880597014924,0.9324551919486999,0.04161639291884684,0.010468846200506006
88,Cifar100,APPLE,86,2.1517163083683637,0.39578891257995735,0.9325083357120727,0.0417142211630916,0.010454261680338547
89,Cifar100,APPLE,87,2.146344230356372,0.3959221748400853,0.9325640802515184,0.04190174958040904,0.01044296484104717
90,Cifar100,APPLE,88,2.1409159693452753,0.3961886993603412,0.932616260449876,0.04190883635626006,0.010435551385956874
91,Cifar100,APPLE,89,2.135535561967243,0.3966551172707889,0.9326718957588712,0.041987275739857374,0.010422021212767994
92,Cifar100,APPLE,90,2.1301494160833743,0.39738805970149255,0.9327267934838879,0.041763481892022565,0.0104067999476543
93,Cifar100,APPLE,91,2.124826338031478,0.3966551172707889,0.9327674382870261,0.042649336377422346,0.010400090590773013
94,Cifar100,APPLE,92,2.11968415261993,0.39658848614072495,0.9328041087610397,0.0428086038368313,0.010385176201240262
95,Cifar100,APPLE,93,2.1144815538936137,0.39678837953091683,0.9328482419756311,0.042735074218193676,0.010371713606110281
96,Cifar100,APPLE,94,2.1092900155654606,0.39758795309168443,0.9328862463029807,0.04279670860889204,0.010361276777837602
97,Cifar100,APPLE,95,2.104189242779933,0.39758795309168443,0.9329186248660283,0.04294832073064535,0.010344568110382557
98,Cifar100,APPLE,96,2.0992739268334533,0.39718816631130066,0.9329412127413099,0.042635440282108306,0.010328423454625943
99,Cifar100,APPLE,97,2.0943480195035886,0.39685501066098083,0.9329698244589525,0.04261199055827552,0.01031598307446204
100,Cifar100,APPLE,98,2.089510380124597,0.39598880597014924,0.9329913882923717,0.04275149096554071,0.010308854528766306
101,Cifar100,APPLE,99,2.084709346239395,0.396521855010661,0.9330113285745056,0.04252643488229504,0.010297667699943974
102,Cifar100,APPLE,100,2.079894239018646,0.3967217484008529,0.9330349699504069,0.04282949940422719,0.010292931320644516
103,Cifar100,APPLE,101,2.0750427552086483,0.39718816631130066,0.9330676975774842,0.04254024858397401,0.010288885291698762
104,Cifar100,APPLE,102,2.0702646313328943,0.3977878464818763,0.9330870927829381,0.04215480632057754,0.010285735492131945
105,Cifar100,APPLE,103,2.065574080366996,0.3980543710021322,0.9331063416492353,0.04196464511966074,0.010283913674763476
106,Cifar100,APPLE,104,2.0608840057213147,0.3983208955223881,0.9331217315107061,0.04156666703827433,0.010288251479671823
107,Cifar100,APPLE,105,2.056195511626306,0.39852078891257997,0.933137864155673,0.04169758140730737,0.010289386719232105
108,Cifar100,APPLE,106,2.0516556730953517,0.39852078891257997,0.9331541064973781,0.04171461119852923,0.010292695880746505
109,Cifar100,APPLE,107,2.047114461100697,0.39872068230277186,0.9331627162281443,0.04200508119729846,0.010298571800802027
110,Cifar100,APPLE,108,2.0426372103121353,0.39838752665245203,0.9331740058741289,0.04164172157697333,0.01030343889883965
111,Cifar100,APPLE,109,2.0380911618548025,0.3982542643923241,0.9331893411694571,0.041461833721944584,0.010308456518264198
112,Cifar100,APPLE,110,2.0336161147533995,0.3986540511727079,0.9332007644612207,0.040893085033296,0.010320308596707437
113,Cifar100,APPLE,111,2.029209893983168,0.39818763326226014,0.933202660723219,0.041087653863686596,0.01033202491738
114,Cifar100,APPLE,112,2.0248459929206355,0.39872068230277186,0.933204109283026,0.04170781928848111,0.010339417510383206
115,Cifar100,APPLE,113,2.0204388789525742,0.39892057569296374,0.933213501378534,0.04172336858282348,0.010347504518425164
116,Cifar100,APPLE,114,2.0160728476141654,0.3987873134328358,0.933223288403571,0.04134704390624941,0.010359806531598053
117,Cifar100,APPLE,115,2.011747081648559,0.39932036247334757,0.9332286845490346,0.04118926692674731,0.010368814650356285
118,Cifar100,APPLE,116,2.0075650578416093,0.39925373134328357,0.9332301101870508,0.040981139923718615,0.010378372335207093
119,Cifar100,APPLE,117,2.003306527835945,0.3991871002132196,0.9332321998490917,0.041143248820906676,0.010386175373435808
120,Cifar100,APPLE,118,1.999154444199385,0.39932036247334757,0.9332277889773133,0.040699013686921484,0.010393964098617252
121,Cifar100,APPLE,119,1.9949868958286996,0.3991204690831556,0.9332240270468148,0.04046860008063291,0.010407329364151573
122,Cifar100,APPLE,120,1.9909194783370407,0.3991204690831556,0.9332176968404775,0.040303392829409486,0.010419279475192864
123,Cifar100,APPLE,121,1.986830741967002,0.39952025586353945,0.9332100780379473,0.041006776970093285,0.010428497758687628
124,Cifar100,APPLE,122,1.9827765507530437,0.39932036247334757,0.9332088719427125,0.040761467488519366,0.010440224933052961
125,Cifar100,APPLE,123,1.9787396191013091,0.39972014925373134,0.9332020668982814,0.04061951517910126,0.010454718324837789
126,Cifar100,APPLE,124,1.9747000405062212,0.3998534115138593,0.9331967063426713,0.04043145332637085,0.010464705699383453
127,Cifar100,APPLE,125,1.9707327144914035,0.40005330490405117,0.9331859352460768,0.04052396646055057,0.010475882146986575
128,Cifar100,APPLE,126,1.9667262126653697,0.3991871002132196,0.9331778536749074,0.041306536229995756,0.0104938350512715
129,Cifar100,APPLE,127,1.9627323544596973,0.39932036247334757,0.933172722568414,0.04141880045251486,0.010508895077368883
130,Cifar100,APPLE,128,1.958834035688568,0.3993869936034115,0.9331599417374736,0.04109887385212071,0.01052481543360755
131,Cifar100,APPLE,129,1.9550272458549565,0.39972014925373134,0.9331467833557738,0.04115537665575613,0.010537035696414926
132,Cifar100,APPLE,130,1.9511612450113804,0.39972014925373134,0.9331320811093646,0.040802146531964276,0.010552797353267945
133,Cifar100,APPLE,131,1.9474244255120565,0.39925373134328357,0.9331137110272004,0.04116330257863491,0.010569151897717757
134,Cifar100,APPLE,132,1.9436510700876286,0.3988539445628998,0.9331031619658995,0.04149515964299627,0.010585795270750374
135,Cifar100,APPLE,133,1.9399200030250432,0.39945362473347545,0.9330892285375569,0.04152133098256699,0.010600361535844689
136,Cifar100,APPLE,134,1.9362051515612837,0.3991204690831556,0.9330683803776927,0.04152129914302753,0.01061584677735593
137,Cifar100,APPLE,135,1.93247025404765,0.39845415778251597,0.933053477337353,0.04143744071172373,0.010621247849367297
138,Cifar100,APPLE,136,1.9288269713417616,0.39845415778251597,0.9330277389479524,0.041373814405535905,0.010630207249715425
139,Cifar100,APPLE,137,1.9252154959408472,0.3980543710021322,0.9330083254500366,0.0419494920344448,0.01064087110913901
140,Cifar100,APPLE,138,1.921618821589832,0.39812100213219614,0.9329880401041547,0.04228591285432307,0.010650756279542092
141,Cifar100,APPLE,139,1.9179984285852234,0.39845415778251597,0.932970533372044,0.04218934215823785,0.0106627533204334
142,Cifar100,APPLE,140,1.9145076728249133,0.39812100213219614,0.9329392878602428,0.042317581616794796,0.010671518688087057
143,Cifar100,APPLE,141,1.911023520281165,0.39792110874200426,0.9329053050225078,0.04266342916226313,0.010676806381021437
144,Cifar100,APPLE,142,1.907506458191216,0.3969882729211087,0.9328769434063652,0.04270974213974634,0.010684099199740109
145,Cifar100,APPLE,143,1.9040656299624388,0.39685501066098083,0.9328459414918769,0.04246552218309834,0.010691715385800401
146,Cifar100,APPLE,144,1.9006800642583352,0.3969882729211087,0.9328078079046909,0.04279837050160823,0.010703358860618526
147,Cifar100,APPLE,145,1.8972672626496772,0.3962553304904051,0.9327769472456617,0.04314859796782746,0.010705647047785346
148,Cifar100,APPLE,146,1.8938630348261332,0.39638859275053306,0.9327469244219685,0.04344769277785789,0.010709257470752383
149,Cifar100,APPLE,147,1.8905012274197102,0.3962553304904051,0.9327133568547091,0.04330177603445135,0.010714506606768037
150,Cifar100,APPLE,148,1.8872705783341739,0.3958555437100213,0.9326797070156615,0.04299080072300615,0.010715764481343745
151,Cifar100,APPLE,149,1.8839461242942794,0.3953224946695096,0.932645616844316,0.04346901333757716,0.010721986433215343
152,Cifar100,APPLE,150,1.880606564207195,0.3956556503198294,0.9326163437481626,0.043687363183632894,0.010727272757072888
153,Cifar100,APPLE,151,1.877335195078534,0.39518923240938164,0.9325810789030065,0.04399893118589275,0.010730386032700684
154,Cifar100,APPLE,152,1.8740607204929385,0.3949227078891258,0.932541651033834,0.04411760997005295,0.010728064486636725
155,Cifar100,APPLE,153,1.8707846242001982,0.3948560767590618,0.9325077012019832,0.04412133956218681,0.010726928957472672
156,Cifar100,APPLE,154,1.8675899441918802,0.39478944562899787,0.9324720850333658,0.04448302801706805,0.01072806415151104
157,Cifar100,APPLE,155,1.864410615360122,0.39418976545842216,0.9324355320369453,0.04482302292300574,0.010727972988823277
158,Cifar100,APPLE,156,1.861295029601512,0.3937233475479744,0.9323999243670872,0.04542388149621301,0.010731660860961658
159,Cifar100,APPLE,157,1.8581621681893927,0.39339019189765456,0.9323626876611475,0.045224778108362874,0.010728451035358414
160,Cifar100,APPLE,158,1.8550255672730807,0.3931902985074627,0.9323223524434019,0.04479260873094253,0.010730944464308145
161,Cifar100,APPLE,159,1.8519306396894863,0.3927905117270789,0.9322841909369899,0.04451062486599959,0.010738915397178903
162,Cifar100,APPLE,160,1.8489195268291014,0.392523987206823,0.9322415204029377,0.04458298461755679,0.010739013740101371
163,Cifar100,APPLE,161,1.8458390747384363,0.39305703624733473,0.9322041366378582,0.04462291049088368,0.010739711371090851
164,Cifar100,APPLE,162,1.8428348366080325,0.3929904051172708,0.9321596420620142,0.04438861421700567,0.010741728290555669
165,Cifar100,APPLE,163,1.8397533940640107,0.3929904051172708,0.9321218855838911,0.04380804250974179,0.01073763305775951
166,Cifar100,APPLE,164,1.8367049908389737,0.3931902985074627,0.9320824243520668,0.043561991852267674,0.010733360904667815
167,Cifar100,APPLE,165,1.833649004690927,0.3931902985074627,0.9320436768531217,0.04353134209496931,0.010740052980166536
168,Cifar100,APPLE,166,1.8305541251818693,0.39345682302771856,0.932011667277136,0.0437406466878146,0.010745877106676889
169,Cifar100,APPLE,167,1.8275657057481474,0.3929904051172708,0.9319706328753975,0.043469231838616784,0.010741900110908772
170,Cifar100,APPLE,168,1.8246044506620582,0.39305703624733473,0.9319305783344621,0.0434551987341763,0.010738939149258756
171,Cifar100,APPLE,169,1.8215729506652198,0.39285714285714285,0.9318924133028591,0.043423349865583785,0.010740966696672174
172,Cifar100,APPLE,170,1.8185647115256491,0.39285714285714285,0.9318531371898162,0.04348960046464486,0.010747150619135048
173,Cifar100,APPLE,171,1.8155167260414509,0.39265724946695096,0.9318113299554301,0.043245414809075955,0.010753936297308081
174,Cifar100,APPLE,172,1.812566057501039,0.39292377398720685,0.9317679714211906,0.04348389861549219,0.010754105976749317
175,Cifar100,APPLE,173,1.8096057213105565,0.39292377398720685,0.9317329032448163,0.04285168723692688,0.010757291098680713
176,Cifar100,APPLE,174,1.8066430223593415,0.3927905117270789,0.9316882123711524,0.04337614808232605,0.010774998684149698
177,Cifar100,APPLE,175,1.8036954599599824,0.392523987206823,0.931646676203837,0.043646728093529805,0.010779109738474459
178,Cifar100,APPLE,176,1.8008179060363898,0.39285714285714285,0.93160582848005,0.04341634997122495,0.010785485928375844
179,Cifar100,APPLE,177,1.7979118814410235,0.3923907249466951,0.9315659396109754,0.043400539139853686,0.010795200746057599
180,Cifar100,APPLE,178,1.7950381308719794,0.3927238805970149,0.9315266050300808,0.04329818060302906,0.01079761854264436
181,Cifar100,APPLE,179,1.7921718475457729,0.3929904051172708,0.9314862172506958,0.04330206020258356,0.010801757400655263
182,Cifar100,APPLE,180,1.7893065752011217,0.39265724946695096,0.9314498891073514,0.043628348612677455,0.010803820226755138
183,Cifar100,APPLE,181,1.7864599683018971,0.3924573560767591,0.9314077096263698,0.04385598533873311,0.01081032055919697
184,Cifar100,APPLE,182,1.7836571283251765,0.39232409381663114,0.931368436746751,0.04391619049130085,0.010817234280270987
185,Cifar100,APPLE,183,1.7808228269745618,0.39212420042643925,0.9313339790741593,0.043855660146859224,0.010818778517112415
186,Cifar100,APPLE,184,1.7779771325742937,0.3915911513859275,0.9313036456822611,0.04346493280839459,0.01082404795029069
187,Cifar100,APPLE,185,1.7751660989602411,0.39132462686567165,0.931263515030953,0.04318275418951192,0.010831984686303442
188,Cifar100,APPLE,186,1.7723095621004055,0.3909914712153518,0.9312348723636648,0.043235924770248166,0.010837317688092537
189,Cifar100,APPLE,187,1.7694335328163193,0.3909914712153518,0.9312041054083512,0.0431683309332005,0.010837660338410255
190,Cifar100,APPLE,188,1.7665664336831837,0.39072494669509594,0.9311674565535729,0.042856743528535586,0.010848226399808687
191,Cifar100,APPLE,189,1.7637705106932382,0.3909914712153518,0.9311277829102106,0.04290030199834472,0.010854031625509929
192,Cifar100,APPLE,190,1.7609401687749726,0.39092484008528783,0.9310953931670393,0.042627918171670866,0.010856852543730401
193,Cifar100,APPLE,191,1.7580925631896058,0.39045842217484006,0.9310623542148405,0.04241207093124523,0.010865906679649515
194,Cifar100,APPLE,192,1.7552956258881425,0.3900586353944563,0.9310238172166345,0.04237028756848465,0.010874444538764585
195,Cifar100,APPLE,193,1.7524628358177496,0.3902585287846482,0.9309856342222353,0.04229926562292214,0.01088057842595476
196,Cifar100,APPLE,194,1.7497227132052655,0.3902585287846482,0.9309426313426942,0.042698972929042865,0.010886498845831797
197,Cifar100,APPLE,195,1.7469568061422815,0.3900586353944563,0.9309076573350392,0.04305483263496843,0.01089540761242254
198,Cifar100,APPLE,196,1.7441747610524676,0.38999200426439234,0.9308734318302443,0.042904299074626714,0.010904313980267241
199,Cifar100,APPLE,197,1.741443577749574,0.38999200426439234,0.9308427363853894,0.04259791990295578,0.010915738408389096
200,Cifar100,APPLE,198,1.7387071576475133,0.3902585287846482,0.9308110876380503,0.0426954088680528,0.010927340260918364
201,Cifar100,APPLE,199,1.7360254181139707,0.39032515991471217,0.9307741670202168,0.04239195570761835,0.010935075543502615
202,Cifar100,APPLE,200,1.7333444987472264,0.3900586353944563,0.9307340529071555,0.042205332951584476,0.010943167815291732
203,Cifar100,APPLE,201,1.730631467351765,0.3902585287846482,0.9306999789723417,0.04223802118261591,0.010949022074829529
204,Cifar100,APPLE,202,1.7278990478335543,0.38939232409381663,0.9306662740719904,0.04250691164132165,0.010958631994258035
205,Cifar100,APPLE,203,1.725277876326497,0.38939232409381663,0.9306246703265992,0.04258888516272888,0.010966117490154664
206,Cifar100,APPLE,204,1.7226079398618037,0.38972547974413646,0.9305844181392745,0.04271662271773167,0.010975000798511764
207,Cifar100,APPLE,205,1.7198834038700586,0.3895922174840085,0.9305501459351793,0.042466434565928635,0.010982615234996515
208,Cifar100,APPLE,206,1.7172330023269862,0.3895922174840085,0.9305098447546621,0.042758710983356506,0.010986053768536615
209,Cifar100,APPLE,207,1.7146647745633048,0.38939232409381663,0.9304658574310621,0.04248975537342505,0.010993033746379362
210,Cifar100,APPLE,208,1.7120668687871772,0.3892590618336887,0.9304238719703898,0.04313280788410444,0.011003824420925214
211,Cifar100,APPLE,209,1.7095023948272428,0.3893256929637527,0.930378098583386,0.04269250935425705,0.01100617398672709
212,Cifar100,APPLE,210,1.7069453271997277,0.3894589552238806,0.9303322095128899,0.04300782527072854,0.01101238144776176
213,Cifar100,APPLE,211,1.7043983580304678,0.38892590618336886,0.9302906417331422,0.04318886229050029,0.011019958796298423
214,Cifar100,APPLE,212,1.701893082892284,0.388659381663113,0.9302419554942591,0.04341925915372827,0.011024763092668961
215,Cifar100,APPLE,213,1.6993428864787214,0.388726012793177,0.9301937179432613,0.043933025092094305,0.011034174452276464
216,Cifar100,APPLE,214,1.6968632292518055,0.388659381663113,0.9301492269320771,0.04424940999872026,0.011037839749852844
217,Cifar100,APPLE,215,1.6943539507641363,0.38812633262260127,0.930103006490078,0.04422126725859131,0.011045048073383157
218,Cifar100,APPLE,216,1.691932990209257,0.3879930703624733,0.9300477196254884,0.04425724947471716,0.011045313832681446
219,Cifar100,APPLE,217,1.689555274396028,0.3879930703624733,0.9299920613707651,0.0443479377260617,0.011049967339831416
220,Cifar100,APPLE,218,1.6871132370426831,0.3876599147121535,0.929937475750091,0.04426645172058334,0.011056568055651856
221,Cifar100,APPLE,219,1.6846816041260784,0.3879930703624733,0.9298830559231765,0.044422394869038824,0.011055001686294768
222,Cifar100,APPLE,220,1.6822766472012722,0.3877265458422175,0.9298281599996797,0.04444485214291684,0.01106004118421337
223,Cifar100,APPLE,221,1.6799521248004277,0.3876599147121535,0.9297648098298174,0.04443526878590506,0.011057151077575692
224,Cifar100,APPLE,222,1.6776607789384528,0.38699360341151384,0.9296948437831675,0.04447862570361696,0.01107002861588972
225,Cifar100,APPLE,223,1.6752633091877152,0.386660447761194,0.9296380793697112,0.04455397615513583,0.011066838915675491
226,Cifar100,APPLE,224,1.672965510078457,0.38679371002132196,0.9295731495173474,0.0443000269405672,0.011061810355402804
227,Cifar100,APPLE,225,1.6706431598187665,0.386727078891258,0.9295111863601232,0.04464962528057143,0.011062169200935047
228,Cifar100,APPLE,226,1.6683561669465758,0.3863939232409382,0.9294537751176578,0.044066469318191255,0.01106635564958778
229,Cifar100,APPLE,227,1.6661049051316654,0.38599413646055436,0.9293941066240504,0.04506456967674421,0.011070400296227302
230,Cifar100,APPLE,228,1.6637836031039477,0.38566098081023453,0.9293301264676437,0.04521992620153742,0.011067830587145994
231,Cifar100,APPLE,229,1.6615468929363508,0.38546108742004265,0.9292617933302414,0.04521211510922629,0.011067466897579715
232,Cifar100,APPLE,230,1.6592903133518855,0.3855277185501066,0.9292048995772725,0.04496152878730658,0.011058828173089888
233,Cifar100,APPLE,231,1.6570414689667239,0.3850613006396588,0.9291419912714839,0.045683017102890404,0.011062665723803468
234,Cifar100,APPLE,232,1.6547786029855316,0.38486140724946694,0.9290746158540469,0.045287247658561,0.011061669569574785
235,Cifar100,APPLE,233,1.6525912153161963,0.384728144989339,0.9290044022568165,0.04565912947889358,0.011055869636083432
236,Cifar100,APPLE,234,1.6504092319149262,0.38486140724946694,0.9289320991763589,0.045479541785120585,0.01105588579137188
237,Cifar100,APPLE,235,1.6482505470156747,0.38412846481876334,0.9288545242873248,0.04550599276135454,0.011053947142630739
238,Cifar100,APPLE,236,1.6459877370390958,0.3845282515991471,0.9287887370863253,0.04568000985700256,0.011051443367001163
239,Cifar100,APPLE,237,1.643776845568193,0.3845948827292111,0.9287216669852272,0.045453917555514624,0.011054910720119705
240,Cifar100,APPLE,238,1.641584181828231,0.3835287846481876,0.9286542734008492,0.045621454520964194,0.011050064653768666
241,Cifar100,APPLE,239,1.6393878533064343,0.38412846481876334,0.9285945639144713,0.04575900370075154,0.011047494550248144
242,Cifar100,APPLE,240,1.6372816548496352,0.38386194029850745,0.9285258735602794,0.04593295610822084,0.011041711382205057
243,Cifar100,APPLE,241,1.6351064468606884,0.38392857142857145,0.9284613073574498,0.046016855001755286,0.01104019889687518
244,Cifar100,APPLE,242,1.632946425580314,0.3833955223880597,0.928399492754116,0.04604309449250836,0.011036824047081428
245,Cifar100,APPLE,243,1.6307984848023442,0.38326226012793174,0.9283325320198751,0.045947876781606355,0.011033791789835693
246,Cifar100,APPLE,244,1.6286415817041073,0.38332889125799574,0.928267004863822,0.04573126507909993,0.011034007185081419
247,Cifar100,APPLE,245,1.626498314119568,0.38286247334754797,0.9281991067320672,0.04582708689767964,0.011020281169657272
248,Cifar100,APPLE,246,1.624324019659815,0.3826625799573561,0.9281318701967284,0.04615824444926187,0.011015436735965589
249,Cifar100,APPLE,247,1.622211678647495,0.38232942430703626,0.9280614428262031,0.04605315113457493,0.011019475317603037
250,Cifar100,APPLE,248,1.6202076899594902,0.38232942430703626,0.9279844685281315,0.04576547504128379,0.011011248182033405
251,Cifar100,APPLE,249,1.618107812100214,0.38232942430703626,0.9279156695199673,0.045319738503032926,0.01100364165451211
252,Cifar100,APPLE,250,1.6160816075825417,0.3818630063965885,0.927840262015404,0.04494440848961853,0.011000298533774848
253,Cifar100,APPLE,251,1.6139708199718723,0.38119669509594883,0.9277716882912764,0.045007117051411395,0.010994993345194746
254,Cifar100,APPLE,252,1.6118884565785203,0.3814632196162047,0.9277030963829084,0.045199296055642914,0.010990689869304978
255,Cifar100,APPLE,253,1.6098502248423225,0.3810634328358209,0.9276341700113345,0.04531804490356005,0.01098237915763645
256,Cifar100,APPLE,254,1.6077360324210341,0.380863539445629,0.9275674229482783,0.045322335312483385,0.010973492677843005
257,Cifar100,APPLE,255,1.6056566880477416,0.3802638592750533,0.9274954631106732,0.04544625318001434,0.010965333014453986
258,Cifar100,APPLE,256,1.6036562026377117,0.3805970149253731,0.9274175583158576,0.04549687562554359,0.0109615874811607
259,Cifar100,APPLE,257,1.6015918735052552,0.3806636460554371,0.9273469719622613,0.0457031336749014,0.010953092369527396
260,Cifar100,APPLE,258,1.5995729004023467,0.3802638592750533,0.927280053142053,0.04671145045621095,0.010949286750700353
261,Cifar100,APPLE,259,1.5974983272432328,0.3797308102345416,0.9272048206445412,0.04657698104766331,0.010944441415045227
262,Cifar100,APPLE,260,1.5954049208872993,0.37913113006396587,0.927135588479487,0.04662402995842018,0.010933984638576793
263,Cifar100,APPLE,261,1.5934087776952917,0.37886460554371004,0.927065927706625,0.04696826206785905,0.010932842962665222
264,Cifar100,APPLE,262,1.5913588549587872,0.3786647121535181,0.9269988116046207,0.04722634725138046,0.010928565995814014
265,Cifar100,APPLE,263,1.5893593432589355,0.3786647121535181,0.9269324287093926,0.047538633620848265,0.01092148056383671
266,Cifar100,APPLE,264,1.5873156775086004,0.3779317697228145,0.9268614127667872,0.047808473578794516,0.010918790534117321
267,Cifar100,APPLE,265,1.5853729675479367,0.37726545842217485,0.9267957541423743,0.04775511536678714,0.010913161333256153
268,Cifar100,APPLE,266,1.5833461859924236,0.37726545842217485,0.9267266865367715,0.04795391261240353,0.010916900810577267
269,Cifar100,APPLE,267,1.5813393609184394,0.3771321961620469,0.9266553359175574,0.048002623021434224,0.010916996331913694
270,Cifar100,APPLE,268,1.5793437843178355,0.376865671641791,0.9265886144580064,0.04810983690260673,0.010911081605252044
271,Cifar100,APPLE,269,1.577399124480599,0.3765991471215352,0.926513912204276,0.048074907063182286,0.010908640091323028
272,Cifar100,APPLE,270,1.5754189507762728,0.3759994669509595,0.9264421287609816,0.048176107976315836,0.010906316564446059
273,Cifar100,APPLE,271,1.5733948820104082,0.3757995735607676,0.9263755644935835,0.04790550163596114,0.01090280443771722
274,Cifar100,APPLE,272,1.5714945005936578,0.3752665245202559,0.926295997467209,0.047651346348537814,0.010917190948638621
275,Cifar100,APPLE,273,1.569523117560436,0.375,0.9262312675907594,0.04816093784864969,0.010914023835857
276,Cifar100,APPLE,274,1.567533783235711,0.37506663113006394,0.9261575307854519,0.04832088530780693,0.010911056389648115
277,Cifar100,APPLE,275,1.5655626433004628,0.3751998933901919,0.9260878298780851,0.04795464393259231,0.010916218555809275
278,Cifar100,APPLE,276,1.563658026423076,0.3746668443496802,0.9260130266052526,0.047534559090790685,0.010911556994389613
279,Cifar100,APPLE,277,1.5616758697823796,0.37460021321961623,0.9259428445404086,0.04743157335158739,0.010917819760208822
280,Cifar100,APPLE,278,1.559741909558368,0.37493336886993606,0.9258677386329554,0.04768929638953278,0.010917440860101525
281,Cifar100,APPLE,279,1.557756254754598,0.37433368869936035,0.9258012712798587,0.04748790869511582,0.010923345368046589
282,Cifar100,APPLE,280,1.5558323552520517,0.3740005330490405,0.925729199831454,0.04797239884795277,0.010926120626640506
283,Cifar100,APPLE,281,1.5538565510561833,0.3736007462686567,0.9256550655632984,0.04806188636594934,0.010928765332813707
284,Cifar100,APPLE,282,1.5519026888134626,0.37300106609808104,0.9255866905881587,0.04810442498904365,0.010928085414925485
285,Cifar100,APPLE,283,1.5499678157694774,0.3728678038379531,0.9255181787284447,0.04775405083964614,0.010925174900373182
286,Cifar100,APPLE,284,1.547931360659249,0.3724013859275053,0.9254560069077548,0.048209994015462485,0.010932496765766542
287,Cifar100,APPLE,285,1.5460091063272612,0.3724013859275053,0.9253880723670455,0.04835055353483389,0.01094121973874721
288,Cifar100,APPLE,286,1.5440127299150812,0.37213486140724944,0.9253293421876118,0.04865509636549137,0.010938672667732291
289,Cifar100,APPLE,287,1.5419728174682867,0.37200159914712155,0.9252714310905336,0.04846289649922956,0.01094138184531746
290,Cifar100,APPLE,288,1.539984796332665,0.37173507462686567,0.9252017378718267,0.04826445486457513,0.01094388114246991
291,Cifar100,APPLE,289,1.5380642462507377,0.3718683368869936,0.9251381699731124,0.04829845042452513,0.010952566169341614
292,Cifar100,APPLE,290,1.5361056332350516,0.3716018123667377,0.9250745967033963,0.04845197292072013,0.010963599864167319
293,Cifar100,APPLE,291,1.534148776610981,0.37140191897654584,0.9250070919091931,0.048126188890742015,0.010968204660197755
294,Cifar100,APPLE,292,1.532250877756664,0.371068763326226,0.9249448095842234,0.04802722120738939,0.01096914688439005
295,Cifar100,APPLE,293,1.5303002650591215,0.3705357142857143,0.9248799433907864,0.04795174202829969,0.010977099971222691
296,Cifar100,APPLE,294,1.5283722668364936,0.37060234541577824,0.9248136239493985,0.04812907240649577,0.010996904341928354
297,Cifar100,APPLE,295,1.526394483613457,0.37060234541577824,0.9247593842589589,0.04776008671450941,0.01099854113535058
298,Cifar100,APPLE,296,1.5244704480860378,0.3704690831556503,0.9246943367446901,0.04759630378672563,0.011008737680108694
299,Cifar100,APPLE,297,1.522523001950861,0.3701359275053305,0.9246370707333754,0.047714666638725756,0.011016204506117516
300,Cifar100,APPLE,298,1.520659149160403,0.36986940298507465,0.9245712785501236,0.04757737331181416,0.011030557711052765
301,Cifar100,APPLE,299,1.5187704905643402,0.3695362473347548,0.924502920735209,0.04774748475685832,0.011048462155574413
302,Cifar100,APPLE,300,1.5168746904066746,0.3694696162046908,0.9244423219913329,0.047592605513586496,0.011054189951310854
303,Cifar100,APPLE,301,1.5150115875552281,0.3695362473347548,0.9243734990707232,0.0478343601963635,0.011067871425314207
304,Cifar100,APPLE,302,1.513170077008512,0.369203091684435,0.9243051285296053,0.0477168811222353,0.011080084158634764
305,Cifar100,APPLE,303,1.511328934008722,0.36886993603411516,0.9242432876534303,0.04754902030897277,0.01109301343562433
306,Cifar100,APPLE,304,1.5094641515230596,0.369136460554371,0.924175385431313,0.04742613865823301,0.011113307367056258
307,Cifar100,APPLE,305,1.5076196861672557,0.3694696162046908,0.9241012210783269,0.048099696181673625,0.011123483125871095
308,Cifar100,APPLE,306,1.50577654230384,0.369203091684435,0.9240346661740628,0.04802845686152589,0.011138229906511598
309,Cifar100,APPLE,307,1.5039577145100282,0.3689365671641791,0.9239663083995385,0.048247279322387523,0.01114858962271466
310,Cifar100,APPLE,308,1.5021802708852041,0.36880330490405117,0.9238966975703267,0.047744251619592816,0.011155863648386614
311,Cifar100,APPLE,309,1.5003805691189103,0.36847014925373134,0.9238250696982705,0.04770903085393242,0.011168416070730398
312,Cifar100,APPLE,310,1.4984815002766498,0.36886993603411516,0.9237651091659294,0.04794810659676949,0.011181015087773864
313,Cifar100,APPLE,311,1.4966357654582572,0.3685367803837953,0.9237023561364943,0.048033161483309876,0.01119273084215996
314,Cifar100,APPLE,312,1.494885070698531,0.3678704690831556,0.9236337958562929,0.04792850871756494,0.011206393803473814
315,Cifar100,APPLE,313,1.4930438604923268,0.3678704690831556,0.9235661216764047,0.047886451134142534,0.011215460767471671
316,Cifar100,APPLE,314,1.4912289786638002,0.36727078891257997,0.9235042293242877,0.048208445456081404,0.011231462375309913
317,Cifar100,APPLE,315,1.489408024726162,0.3675373134328358,0.9234350642006267,0.047661725423804924,0.011238074611789769
318,Cifar100,APPLE,316,1.487639451779944,0.36720415778251597,0.9233593969370039,0.04767900260396979,0.011251325579923891
319,Cifar100,APPLE,317,1.4858607221548865,0.36720415778251597,0.9232909475384253,0.0478507910649949,0.011267816324825982
320,Cifar100,APPLE,318,1.4840660303812212,0.3665378464818763,0.9232233359420056,0.04778389079563158,0.011286914452123934
321,Cifar100,APPLE,319,1.4822554642138575,0.3664045842217484,0.9231559699296209,0.04784747497054357,0.011295835742698981
322,Cifar100,APPLE,320,1.4804511994310352,0.36633795309168443,0.9230911689547671,0.047308559239872636,0.01131263697505548
323,Cifar100,APPLE,321,1.4786372875333829,0.36587153518123666,0.9230254808053819,0.04760075722888581,0.011322590141876468
324,Cifar100,APPLE,322,1.4768307209509466,0.36560501066098083,0.9229476997211591,0.047697545723714485,0.011329314760425644
325,Cifar100,APPLE,323,1.475066468015736,0.3658049040511727,0.9228764308163494,0.047845608312155466,0.011346870929593444
326,Cifar100,APPLE,324,1.4733521549471533,0.36560501066098083,0.9228000614684282,0.04800591187484717,0.011357712024054147
327,Cifar100,APPLE,325,1.4715965952227326,0.3657382729211087,0.9227230957246351,0.048059145315370706,0.011362933248124952
328,Cifar100,APPLE,326,1.469858421990971,0.3654717484008529,0.9226538639018448,0.047911062012655874,0.011372951561713907
329,Cifar100,APPLE,327,1.4680896172619093,0.365271855010661,0.9225805924909312,0.047864697694332846,0.011380909693464275
330,Cifar100,APPLE,328,1.4664201626936535,0.36533848614072495,0.9225073055287067,0.048354350613676086,0.011386788420564474
331,Cifar100,APPLE,329,1.4646737938706216,0.365271855010661,0.9224400439573672,0.047905579478531427,0.011401763365099288
332,Cifar100,APPLE,330,1.4629052173449173,0.3648720682302772,0.9223725923232731,0.04792059040205116,0.011403213205066069
333,Cifar100,APPLE,331,1.4612202254774966,0.3644722814498934,0.9222982105618709,0.04799546615501071,0.011407815017579889
334,Cifar100,APPLE,332,1.459491759975151,0.36433901918976547,0.9222294113902246,0.04805251466799223,0.011414249281576387
335,Cifar100,APPLE,333,1.4577570599344756,0.3641391257995736,0.922160323504881,0.04859516107585436,0.011420465896162033
336,Cifar100,APPLE,334,1.4560066831586136,0.3634728144989339,0.9220905512700076,0.04836377652047634,0.011426150098999147
337,Cifar100,APPLE,335,1.4542526338554143,0.3636060767590618,0.9220262641539614,0.04843067436017856,0.011431787241494226
338,Cifar100,APPLE,336,1.4525807706809497,0.36320628997867804,0.9219606420388008,0.04819373405565031,0.011435755682272427
339,Cifar100,APPLE,337,1.4508259408357371,0.36293976545842216,0.9218942546459722,0.04798922310613292,0.011441831030234264
340,Cifar100,APPLE,338,1.4491591498069665,0.36300639658848616,0.9218201015182648,0.0480297094896231,0.011448237986752628
341,Cifar100,APPLE,339,1.4474837745989184,0.3627398720682303,0.9217451633373075,0.0481347635417685,0.011438884567915374
342,Cifar100,APPLE,340,1.4457986444682864,0.36293976545842216,0.921681318237926,0.04836046059796879,0.011449023315663052
343,Cifar100,APPLE,341,1.4440996153242032,0.36260660980810233,0.9216090255452019,0.04804490048902741,0.01145084514078314
344,Cifar100,APPLE,342,1.442359621352749,0.36220682302771856,0.9215394869418982,0.04784066619631124,0.011452484439054104
345,Cifar100,APPLE,343,1.4406570356513684,0.36167377398720685,0.9214790553126028,0.048179385078915254,0.011443466736506957
346,Cifar100,APPLE,344,1.438965052399974,0.3614738805970149,0.9214045967633462,0.04825288555138263,0.011453431344463652
347,Cifar100,APPLE,345,1.4372403257114892,0.3615405117270789,0.9213523374622137,0.04792666048193781,0.011453785608013469
348,Cifar100,APPLE,346,1.4356202990590585,0.361273987206823,0.9212705271061078,0.04822331872449708,0.011461874405033774
349,Cifar100,APPLE,347,1.4338372209489783,0.3612073560767591,0.9212076306279856,0.04822318130006491,0.01145677604429034
350,Cifar100,APPLE,348,1.4321398997344335,0.361273987206823,0.9211417026761327,0.048602513368666916,0.011453103454935824
351,Cifar100,APPLE,349,1.4304294231912895,0.36107409381663114,0.9210768026064602,0.04857369867669477,0.011453352214681852
352,Cifar100,APPLE,350,1.4287788966884203,0.36100746268656714,0.920997418712207,0.048378666307107895,0.011452702237509315
353,Cifar100,APPLE,351,1.4270386483969777,0.3604744136460554,0.9209378028165502,0.04877577233095678,0.011458582786613302
354,Cifar100,APPLE,352,1.425371086500947,0.3603411513859275,0.9208715551414193,0.04875118192126773,0.011457298044626398
355,Cifar100,APPLE,353,1.4236960175277835,0.3606743070362473,0.9208046318948929,0.04891157720815978,0.011462808694122053
356,Cifar100,APPLE,354,1.4220317624496246,0.3602078891257996,0.9207334734776788,0.04853797496589637,0.011462764378815236
357,Cifar100,APPLE,355,1.4203275391319858,0.3599413646055437,0.9206694610534522,0.04837846734990587,0.0114673964961757
358,Cifar100,APPLE,356,1.418711601790396,0.35947494669509594,0.9206081550978752,0.04846643029678621,0.011464017040329007
359,Cifar100,APPLE,357,1.4170429647977705,0.3597414712153518,0.9205379947104513,0.04852443028038159,0.011465648243803101
360,Cifar100,APPLE,358,1.4153760463654468,0.35954157782515994,0.9204758429810745,0.04869624949384958,0.011463248626509107
361,Cifar100,APPLE,359,1.4136813412724651,0.35987473347547977,0.9204105949429422,0.04851277767563644,0.011458030720562078
362,Cifar100,APPLE,360,1.412079877394396,0.35967484008528783,0.9203404666891872,0.04826558711376548,0.01145694572007431
363,Cifar100,APPLE,361,1.4104002926855208,0.3597414712153518,0.9202829235397342,0.04776556899272029,0.011454696016787804
364,Cifar100,APPLE,362,1.408786432763399,0.359408315565032,0.9202125721243488,0.047890439351357256,0.011456589301320947
365,Cifar100,APPLE,363,1.4071549078289884,0.359341684434968,0.9201463873815932,0.048104768029037535,0.011462675372216005
366,Cifar100,APPLE,364,1.4055471040888874,0.35887526652452023,0.9200830920440097,0.047591575200381264,0.01146115758152467
367,Cifar100,APPLE,365,1.4038747569090135,0.35867537313432835,0.9200233092782493,0.048009218844733595,0.011459530323467023
368,Cifar100,APPLE,366,1.4022243400335477,0.3583422174840085,0.9199547794310978,0.048074285690171456,0.011467288019626551
369,Cifar100,APPLE,367,1.4006028777128225,0.3586087420042644,0.9198863270334354,0.048032068580244516,0.011464047362441873
370,Cifar100,APPLE,368,1.3989845631542066,0.35814232409381663,0.919817001265468,0.04809204706970864,0.011463433728481144
371,Cifar100,APPLE,369,1.3973390491048212,0.3580756929637527,0.9197508275373483,0.04819284871640634,0.0114631672527153
372,Cifar100,APPLE,370,1.3957623033527515,0.35794243070362475,0.9196820062629616,0.04818355331154544,0.01146564960309713
373,Cifar100,APPLE,371,1.394084734540135,0.35767590618336886,0.9196201635315475,0.04833300088794858,0.011466750389747737
374,Cifar100,APPLE,372,1.3924030096291187,0.35787579957356075,0.919553706836693,0.04819728807907785,0.011472206291813598
375,Cifar100,APPLE,373,1.3907642494278216,0.35794243070362475,0.919488605736756,0.048449713665342536,0.01147533642571651
376,Cifar100,APPLE,374,1.389140276703735,0.35774253731343286,0.9194293042494223,0.048618379186070766,0.011467812853322113
377,Cifar100,APPLE,375,1.3874881117666142,0.35774253731343286,0.9193612288128079,0.04830633765554447,0.011470036869660085
378,Cifar100,APPLE,376,1.385874750545032,0.357476012793177,0.9193006013600304,0.04816983842753563,0.011467169881649258
379,Cifar100,APPLE,377,1.3842036859452125,0.3572761194029851,0.9192441585411886,0.048090514248766966,0.011470488578203649
380,Cifar100,APPLE,378,1.382611002693517,0.35714285714285715,0.9191812109692623,0.0480138320896457,0.01146576119314636
381,Cifar100,APPLE,379,1.381004136334972,0.3572094882729211,0.9191186837738277,0.04798329494518406,0.011471693606039075
382,Cifar100,APPLE,380,1.3793942014634737,0.3575426439232409,0.9190518416218088,0.0481443245471538,0.01147226612876006
383,Cifar100,APPLE,381,1.3777710450289606,0.35707622601279315,0.9189846332715401,0.04817077916790378,0.011468222187535553
384,Cifar100,APPLE,382,1.3761928033020219,0.3572094882729211,0.9189252111585775,0.048034097222792206,0.011476306540777678
385,Cifar100,APPLE,383,1.3745565791775898,0.35687633262260127,0.9188648212269419,0.048229764542398225,0.011482511275593542
386,Cifar100,APPLE,384,1.3729772302631924,0.3572761194029851,0.9187961697293098,0.04822212949293249,0.011483438228291521
387,Cifar100,APPLE,385,1.3713732425365686,0.3568097014925373,0.9187357469950667,0.04856549712115481,0.011487206895528271
388,Cifar100,APPLE,386,1.369763446931678,0.35687633262260127,0.9186684700489877,0.048409937036927975,0.011488756084545484
389,Cifar100,APPLE,387,1.368202533950677,0.3568097014925373,0.9186075716235713,0.048271453776508856,0.011495561081647666
390,Cifar100,APPLE,388,1.3666096432082318,0.3564099147121535,0.9185501804770454,0.04830950050604006,0.01149017612654171
391,Cifar100,APPLE,389,1.3650046966813725,0.35607675906183367,0.9184854098384558,0.04804820077766442,0.011497012365463882
392,Cifar100,APPLE,390,1.3634360636095852,0.3556769722814499,0.9184241209502942,0.04810412184225265,0.01150556052778076
393,Cifar100,APPLE,391,1.3618832809576031,0.3558768656716418,0.918355998899095,0.048136556843508684,0.011507647008319105
394,Cifar100,APPLE,392,1.3603054972662407,0.3558768656716418,0.9182912007753864,0.0482539267245323,0.011513661358693012
395,Cifar100,APPLE,393,1.3586904686854764,0.35614339019189767,0.9182309117421031,0.04775948806673942,0.011510928979925259
396,Cifar100,APPLE,394,1.3571182476452557,0.3562766524520256,0.9181681776201022,0.047746788046646706,0.01151081719110649
397,Cifar100,APPLE,395,1.355511104118916,0.3559434968017058,0.9181079967744799,0.04833961858409724,0.01151893537571221
398,Cifar100,APPLE,396,1.3539393291014366,0.35614339019189767,0.9180455044973447,0.04826279222165313,0.011526458661259458
399,Cifar100,APPLE,397,1.3522704295388057,0.3562100213219616,0.9179797964310445,0.04864690866070586,0.011527746796206925
400,Cifar100,APPLE,398,1.3507666563221035,0.3566764392324094,0.9179231093025811,0.048397038176261974,0.01153865140689713
401,Cifar100,APPLE,399,1.3491215004253152,0.35614339019189767,0.9178647955919855,0.0485163483077673,0.011527971830380587
402,Cifar100,APPLE,400,1.347544704262574,0.35654317697228144,0.9178041971014739,0.04848986194530109,0.01154537311874503
403,Cifar100,APPLE,401,1.3459939719256069,0.3564765458422175,0.9177337699458721,0.048544276149762214,0.011550745328347291
404,Cifar100,APPLE,402,1.3443784168214759,0.35654317697228144,0.9176859069074617,0.048624125070076504,0.011557818337584758
405,Cifar100,APPLE,403,1.3428032917008328,0.3562766524520256,0.9176256696900543,0.04848772279996684,0.011561639929463689
406,Cifar100,APPLE,404,1.341233490565134,0.3558768656716418,0.9175626287557302,0.04811493685859335,0.01157541196809144
407,Cifar100,APPLE,405,1.3396477094987544,0.3556103411513859,0.9175027004135148,0.048349686132471884,0.011575861762317024
408,Cifar100,APPLE,406,1.3380371785242267,0.3558768656716418,0.9174456808292188,0.04804306084279066,0.011585454207052155
409,Cifar100,APPLE,407,1.3364276385968334,0.3560101279317697,0.9173823900378668,0.0480045175254391,0.011586096852914373
410,Cifar100,APPLE,408,1.3348570237309172,0.35607675906183367,0.917324904702163,0.048194873813986246,0.011590919275463536
411,Cifar100,APPLE,409,1.333218205539754,0.3562766524520256,0.9172656894956207,0.04762818389399464,0.011593546631676683
412,Cifar100,APPLE,410,1.3316952289381836,0.35607675906183367,0.9172102868260547,0.04761329866514416,0.011603140019511186
413,Cifar100,APPLE,411,1.3301039276111244,0.355410447761194,0.9171487206407578,0.047328721522135624,0.01160801343955593
414,Cifar100,APPLE,412,1.3285290741831315,0.3551439232409382,0.9170891620896555,0.046520654508172846,0.011616243112144969
415,Cifar100,APPLE,413,1.3269407870391694,0.3548773987206823,0.917022190294418,0.04659232784172717,0.011620592868978093
416,Cifar100,APPLE,414,1.3253579835861913,0.3552771855010661,0.9169637571283726,0.04663408679853599,0.011626780537354891
417,Cifar100,APPLE,415,1.3237631275642314,0.3551439232409382,0.9169111480044587,0.04643697506709272,0.011629064812435815
418,Cifar100,APPLE,416,1.3222524744246915,0.35441098081023453,0.9168502309904785,0.047143887127719115,0.011637132525688682
419,Cifar100,APPLE,417,1.3207094189806186,0.3543443496801706,0.9167848831000116,0.0473743754991287,0.011644131466273076
420,Cifar100,APPLE,418,1.3191203184064966,0.35401119402985076,0.9167229014987179,0.0473965275235743,0.011656806917786464
421,Cifar100,APPLE,419,1.3175274196035798,0.35441098081023453,0.9166684634248765,0.047446060982992595,0.011663719652837858
422,Cifar100,APPLE,420,1.315931985724336,0.3540778251599147,0.9166120996074048,0.04714558842711981,0.011667790439192758
423,Cifar100,APPLE,421,1.3143757437680976,0.3538113006396588,0.9165569736184127,0.04677778502136142,0.011674395172144202
424,Cifar100,APPLE,422,1.312803785324682,0.3538779317697228,0.9165043241432529,0.04688453926213423,0.01167799965756029
425,Cifar100,APPLE,423,1.3112329943924068,0.35321162046908317,0.9164478263834976,0.046827436046764835,0.011683580979986934
426,Cifar100,APPLE,424,1.3096317786643348,0.35394456289978676,0.9163896067777567,0.04684491869933879,0.011688193152269693
427,Cifar100,APPLE,425,1.3080505076220885,0.35367803837953093,0.9163341000389887,0.047091344764773384,0.011692488079577002
428,Cifar100,APPLE,426,1.3064902485246388,0.35341151385927505,0.9162849286496265,0.04668625661439691,0.011697137760234316
429,Cifar100,APPLE,427,1.3048903057917527,0.353478144989339,0.91622914459427,0.04660218647404621,0.011694430577586724
430,Cifar100,APPLE,428,1.3033767675885573,0.35321162046908317,0.9161698801295627,0.04677339532706331,0.011708784016812683
431,Cifar100,APPLE,429,1.3018425374803062,0.3525453091684435,0.9161159597334723,0.046344100692712345,0.011714016712757081
432,Cifar100,APPLE,430,1.300284961289452,0.35241204690831557,0.9160573767102439,0.04639669415498083,0.011718323563742535
433,Cifar100,APPLE,431,1.2987880553404694,0.3516791044776119,0.9160010623763002,0.04675259227896571,0.011718884173220643
434,Cifar100,APPLE,432,1.2972668747691343,0.35187899786780386,0.9159406965638233,0.04572552246266345,0.011720948380130604
435,Cifar100,APPLE,433,1.2956938271082208,0.35187899786780386,0.9158859930299781,0.04559385173460555,0.011727609392364367
436,Cifar100,APPLE,434,1.2942004644366143,0.3513459488272921,0.9158375606232073,0.04554458591203413,0.011729166539896184
437,Cifar100,APPLE,435,1.2926712862303005,0.35101279317697226,0.9157797575668146,0.04558354773778447,0.011732978008040148
438,Cifar100,APPLE,436,1.2911215657407238,0.3509461620469083,0.9157236446367158,0.045775061044713655,0.011752692729829702
439,Cifar100,APPLE,437,1.2895330864272705,0.3508795309168444,0.9156730829795192,0.04564404657596528,0.011758110113966835
440,Cifar100,APPLE,438,1.2880539163413844,0.35074626865671643,0.9156120250330066,0.04559618813423794,0.01177023404943858
441,Cifar100,APPLE,439,1.2864970866643095,0.35054637526652455,0.9155546459347509,0.045679233446612025,0.011780678322133082
442,Cifar100,APPLE,440,1.285010299195733,0.3509461620469083,0.9154984027005235,0.04584894286156197,0.011787440881681547
443,Cifar100,APPLE,441,1.2835062230157464,0.3506130063965885,0.9154437878390025,0.04571123764697947,0.011783533505640298
444,Cifar100,APPLE,442,1.2819277732708028,0.3508128997867804,0.9153837438284913,0.04534299589668776,0.011799293748290494
445,Cifar100,APPLE,443,1.2803820612577492,0.3504131130063966,0.9153219481016208,0.04519640980854353,0.01180889443611459
446,Cifar100,APPLE,444,1.278907220494688,0.35047974413646055,0.9152711554564045,0.045317849919267426,0.011823162789695339
447,Cifar100,APPLE,445,1.2773997041309315,0.35047974413646055,0.9152143673733768,0.04557109247065972,0.011827867273915424
448,Cifar100,APPLE,446,1.2759128780925362,0.34974680170575695,0.9151538731381652,0.04526974684309565,0.01182930533728887
449,Cifar100,APPLE,447,1.2743918424534926,0.3498134328358209,0.9150897488111205,0.045236030731585615,0.011841687806185866
450,Cifar100,APPLE,448,1.272872861574537,0.3492803837953092,0.9150417748825449,0.04520902902432618,0.011850107922369929
451,Cifar100,APPLE,449,1.2714018288199862,0.34888059701492535,0.9149786185936668,0.045649384973811734,0.011852943003781846
452,Cifar100,APPLE,450,1.2699610027539687,0.3484808102345416,0.9149140664223587,0.0454395154459016,0.011847959745708346
453,Cifar100,APPLE,451,1.268475691714831,0.34841417910447764,0.9148538087024803,0.04577461108892732,0.0118699184666401
454,Cifar100,APPLE,452,1.2669865856507323,0.34814765458422176,0.9147909956794061,0.045561814586449395,0.011864388006001552
455,Cifar100,APPLE,453,1.2655383373742892,0.34761460554371004,0.914723823721701,0.04547718224479378,0.011881151482820472
456,Cifar100,APPLE,454,1.2641176730799466,0.3474813432835821,0.9146600220225088,0.04523683134165822,0.011888174465351847
457,Cifar100,APPLE,455,1.2626976505091907,0.3478144989339019,0.9146040463443108,0.04546285918491171,0.011896967421865138
458,Cifar100,APPLE,456,1.2612742609761123,0.34761460554371004,0.9145306346275428,0.04570981348224638,0.011901219948482243
459,Cifar100,APPLE,457,1.2598210993281544,0.34701492537313433,0.9144811412290091,0.04547570353447055,0.011913814668630673
460,Cifar100,APPLE,458,1.2583617505109943,0.3464152452025586,0.9144228174077623,0.045126101944904656,0.011921816473299608
461,Cifar100,APPLE,459,1.256927140082354,0.34601545842217485,0.914356167690197,0.04496044474394539,0.011932482338416275
462,Cifar100,APPLE,460,1.2555029109150855,0.3461487206823028,0.9142986920640994,0.04513499279282169,0.0119365569759982
463,Cifar100,APPLE,461,1.2540100961901233,0.34574893390191896,0.9142445246650398,0.0451395123608756,0.011946428098467321
464,Cifar100,APPLE,462,1.2526098212942658,0.3452825159914712,0.9141734361537205,0.045228947730768965,0.01196035903395644
465,Cifar100,APPLE,463,1.2511651518860203,0.345682302771855,0.9141193408438809,0.04493014773623092,0.011971912527587917
466,Cifar100,APPLE,464,1.2497394138872073,0.3448160980810235,0.9140623918592217,0.044913195422092836,0.011975096330901972
467,Cifar100,APPLE,465,1.2483069274176126,0.3448160980810235,0.9139980409106889,0.04471431012647707,0.011988958258344323
468,Cifar100,APPLE,466,1.2469041518038335,0.3447494669509595,0.9139391333163066,0.04474367855810477,0.011993031397126298
469,Cifar100,APPLE,467,1.2454567521369309,0.3444829424307036,0.9138762789364224,0.04450771494808153,0.01199570009938075
470,Cifar100,APPLE,468,1.2440482290024082,0.34421641791044777,0.9138219290004047,0.044393520422014346,0.012003942213369867
471,Cifar100,APPLE,469,1.2426041382179112,0.3440165245202559,0.9137586392781316,0.044697785992757276,0.012005674724292877
472,Cifar100,APPLE,470,1.241148600180406,0.3435501066098081,0.9137040291735228,0.04465469421785218,0.012027059241712892
473,Cifar100,APPLE,471,1.2397340199232199,0.3434168443496802,0.9136438506927328,0.04471083881004526,0.01202938717559206
474,Cifar100,APPLE,472,1.2383542182152631,0.3429504264392324,0.9135857250608446,0.044428484650824905,0.012029941360999583
475,Cifar100,APPLE,473,1.2369484650869975,0.3434168443496802,0.9135254445207748,0.044493786573285725,0.012042114297186553
476,Cifar100,APPLE,474,1.2356346530562774,0.34328358208955223,0.9134595853904559,0.04457434776819696,0.012048852352394574
477,Cifar100,APPLE,475,1.2341523900814237,0.34248400852878463,0.9134068172480522,0.04436439988631957,0.01205094217306967
478,Cifar100,APPLE,476,1.2327738315416434,0.34288379530916846,0.9133380599935663,0.04464022684980255,0.012062363440346537
479,Cifar100,APPLE,477,1.2314192103697532,0.3427505330490405,0.9132836835965313,0.044012226514228786,0.0120622288837584
480,Cifar100,APPLE,478,1.2300271785583925,0.34255063965884863,0.9132276860391181,0.04386791006361244,0.01206313609931659
481,Cifar100,APPLE,479,1.2286696137695228,0.3424173773987207,0.9131605522509504,0.04384689226411505,0.012079307575664116
482,Cifar100,APPLE,480,1.2273307541195417,0.34255063965884863,0.9130939948551009,0.043968315866632836,0.01207377978152624
483,Cifar100,APPLE,481,1.2259534673907047,0.34228411513859275,0.9130268557348795,0.04371766491583683,0.012086776052877187
484,Cifar100,APPLE,482,1.2246104475653226,0.3422174840085288,0.912954320346736,0.04329256952673258,0.012083425300727497
485,Cifar100,APPLE,483,1.2232926999250409,0.3422174840085288,0.9128920876811608,0.04390107523629309,0.012102271106027341
486,Cifar100,APPLE,484,1.2220495853666613,0.3422174840085288,0.9128209145057128,0.04342798446775883,0.012100330434951196
487,Cifar100,APPLE,485,1.220652294130802,0.34168443496801704,0.9127650364498558,0.04349023297288758,0.01210564683223871
488,Cifar100,APPLE,486,1.2193917342618799,0.34168443496801704,0.9127036933814362,0.04347155475768188,0.01210963041878292
489,Cifar100,APPLE,487,1.218030727430199,0.3414179104477612,0.9126348913056453,0.0436283672640361,0.012117964081496235
490,Cifar100,APPLE,488,1.2168014070887818,0.3413512793176972,0.9125816768921167,0.04351167475018892,0.012121448216256147
491,Cifar100,APPLE,489,1.2154976450022144,0.3412180170575693,0.9125042703516482,0.04322682177549911,0.012137497167255887
492,Cifar100,APPLE,490,1.2141150184834946,0.3414179104477612,0.9124466133968478,0.04295084473526124,0.012147302038083651
493,Cifar100,APPLE,491,1.2128013109557083,0.34128464818763327,0.9123795824114931,0.043178865220781716,0.012152995138542263
494,Cifar100,APPLE,492,1.2114670354871866,0.3412180170575693,0.9123228570045854,0.04281513437242418,0.012143037702232283
495,Cifar100,APPLE,493,1.210214191793511,0.3408182302771855,0.9122554868147026,0.04326806929182829,0.012163215094219639
496,Cifar100,APPLE,494,1.2088497399482223,0.3406183368869936,0.9121925460808146,0.043341059246797264,0.012167046788681048
497,Cifar100,APPLE,495,1.2076348625750208,0.34068496801705755,0.9121193970658676,0.04301344518057228,0.01216919392103554
498,Cifar100,APPLE,496,1.2062872302332577,0.3406183368869936,0.9120549887877973,0.04288866902919354,0.012176472370209367
499,Cifar100,APPLE,497,1.2049729620161442,0.3404184434968017,0.9119988526129781,0.04359373312318441,0.012183594767036987
500,Cifar100,APPLE,498,1.2037023845975952,0.3402185501066098,0.9119280219990274,0.04365808588050386,0.012189892212839986
501,Cifar100,APPLE,499,1.2023780979116687,0.3396855010660981,0.9118727379143797,0.04354344921080025,0.01218863812836664
502,Cifar100,APPLE,500,1.2011377706434005,0.3392190831556503,0.9117970184265636,0.043757565094971196,0.012189726030196019
